{"cameraMode":{"drawMode":0,"name":"Shaded","section":"Shading Mode"},"sceneLighting":false,"audioPlay":false,"sceneViewState":{"showFog":true,"showMaterialUpdate":false,"showSkybox":false,"showFlares":true,"showImageEffects":true,"showParticleSystems":true},"in2DMode":false,"pivot":{"x":0.0,"y":1.7699999809265137,"z":1.409999966621399},"rotation":{"x":0.42084571719169619,"y":0.09254065901041031,"z":-0.043217044323682788,"w":0.901386022567749},"size":5.366025924682617,"orthographic":false}